,DEM_cut_rs,Soil_types,River_dens,Distance_t,Land_use_2,Curve_Stud,Aspect_Stu,Slope_Stud
DEM_cut_rs,1.0,-0.0182812396204866,-0.019567885875073434,0.5375535570872563,0.06214339888897946,-0.22414590547540533,-0.26284980761948623,-0.3204682200766456
Soil_types,-0.0182812396204866,1.0,0.9999957567410448,0.06678191070329334,-0.0019482877733969803,-0.007681121050365492,0.005279380746318248,0.00766170229110765
River_dens,-0.019567885875073434,0.9999957567410448,1.0,0.0656079688944603,-0.002171555797752318,-0.007584440102327258,0.006249259493338181,0.00879387011413082
Distance_t,0.5375535570872563,0.06678191070329334,0.0656079688944603,1.0,0.021008712899651782,-0.012448118351369278,-0.2880148856974975,-0.287885787710001
Land_use_2,0.06214339888897946,-0.0019482877733969803,-0.002171555797752318,0.021008712899651782,1.0,-0.03017334611000308,-0.09510175394113007,-0.20453734348903804
Curve_Stud,-0.22414590547540533,-0.007681121050365492,-0.007584440102327258,-0.012448118351369278,-0.03017334611000308,1.0,0.021934355910565317,0.0713204980065346
Aspect_Stu,-0.26284980761948623,0.005279380746318248,0.006249259493338181,-0.2880148856974975,-0.09510175394113007,0.021934355910565317,1.0,0.6845106685654199
Slope_Stud,-0.3204682200766456,0.00766170229110765,0.00879387011413082,-0.287885787710001,-0.20453734348903804,0.0713204980065346,0.6845106685654199,1.0
